SLW Locality,SLW field number,GSP-UM #,Leaf Morphotype,identification,strat_level,type1,type2,type3,type4,type5,type6,type7,type8,type9,type10,checked,Comments,
SLW0001,SLW0001-01-01,7001,GH08,leaf,Lower upper Ghazij Fm.,12,32,,,,,,,,,,,
SLW0001,SLW0001-01-02,7002,GH08?,leaf,Lower upper Ghazij Fm.,-,,,,,,,,,,y,,
SLW0001,SLW0001-01-03,7003,GH08,leaf,Lower upper Ghazij Fm.,13,,,,,,,,,,y,,
SLW0001,SLW0001-02,7004,GH08,leaf,Lower upper Ghazij Fm.,3,15,,,,,,,,,y,,
SLW0001,SLW0001-03,7005,GH08,leaf,Lower upper Ghazij Fm.,2,12,,,,,,,,,y,"potential primary vein gall not distinct enough to ID, maybe just broader area of necrotic tissue -- potential DT49 ",
SLW0001,SLW0001-04-01,7006,GH08?,leaf,Lower upper Ghazij Fm.,-,,,,,,,,,,y,,
SLW0001,SLW0001-04-02,7007,GH08,leaf,Lower upper Ghazij Fm.,1,12,,,,,,,,,y,,
SLW0001,SLW0001-05,7008,indet. Dicot,leaf,Lower upper Ghazij Fm.,-,,,,,,,,,,y,,
SLW0001,SLW0001-06-01,7009,GH08,leaf,Lower upper Ghazij Fm.,12,,,,,,,,,,y,,
SLW0001,SLW0001-06-02,7010,GH08,leaf,Lower upper Ghazij Fm.,32,,,,,,,,,,y,,
SLW0001,SLW0001-07,7011,GH08,leaf,Lower upper Ghazij Fm.,32,,,,,,,,,,y,,
SLW0001,SLW0001-08,7012,GH08,leaf,Lower upper Ghazij Fm.,-,,,,,,,,,,y,,
SLW0001,SLW0001-09-01,7013,GH08,leaf,Lower upper Ghazij Fm.,1,77,,,,,,,,,y,,
SLW0001,SLW0001-09-02,7014,GH08,leaf,Lower upper Ghazij Fm.,12,77,,,,,,,,,y,,
SLW0001,SLW0001-10,7015,GH08,leaf,Lower upper Ghazij Fm.,-,,,,,,,,,,y,,
SLW0001,SLW0001-11-01,7016,GH08,leaf,Lower upper Ghazij Fm.,-,,,,,,,,,,y,,
SLW0001,SLW0001-11-02,7017,GH08?,leaf,Lower upper Ghazij Fm.,-,,,,,,,,,,y,"no individual photo of triangular leaf spec, but no DTs scored w Alejo",
SLW0001,SLW0001-12,7018,GH08,leaf,Lower upper Ghazij Fm.,3,12,14,,,,,,,,y,,
SLW0001,SLW0001-13-01,7019,GH08,leaf,Lower upper Ghazij Fm.,12,17,32,,,,,,,,y,,
SLW0001,SLW0001-13-02,,GH08,leaf,Lower upper Ghazij Fm.,NA,,,,,,,,,,,,
SLW0001,SLW0001-14,7020,GH08,leaf,Lower upper Ghazij Fm.,-,,,,,,,,,,y,,
SLW0001,SLW0001-15,7021,GH08,leaf,Lower upper Ghazij Fm.,-,,,,,,,,,,y,,
SLW0001,SLW0001-16,7022,GH08,leaf,Lower upper Ghazij Fm.,12,32,,,,,,,,,y,,
SLW0001,SLW0001-17-01,7023,GH28,leaf,Lower upper Ghazij Fm.,3,12,,,,,,,,,y,,
SLW0001,SLW0001-17-02,,indet. dicot,leaf,Lower upper Ghazij Fm.,NA,,,,,,,,,,,,
SLW0001,SLW0001-18,7024,GH11,leaf,Lower upper Ghazij Fm.,12,86,132,32,83,,,,,,y,,
SLW0001,SLW0001-19,7025,GH08,leaf,Lower upper Ghazij Fm.,68,14,,,,,,,,,y,,
SLW0001,SLW0001-20,7026,GH08,leaf,Lower upper Ghazij Fm.,12,15,32,33,34,,,,,,y,,
SLW0001,SLW0001-21,7027,GH08,leaf,Lower upper Ghazij Fm.,2,68,12,,,,,,,,y,,
SLW0001,SLW0001-22,7028,GH10,seed,Lower upper Ghazij Fm.,-,,,,,,,,,,y,,
SLW0001,SLW0001-23,7029,GH04,leaf,Lower upper Ghazij Fm.,-,,,,,,,,,,y,,
SLW0001,SLW0001-24,7030,GH08?,leaf,Lower upper Ghazij Fm.,12,77,,,,,,,,,y,,
SLW0001,SLW0001-25,7031,GH08,leaf,Lower upper Ghazij Fm.,1,14,15,16,32,,,,,,y,,
SLW0001,SLW0001-26,7032,GH08?,leaf,Lower upper Ghazij Fm.,-,,,,,,,,,,y,,
SLW0001,SLW0001-27-01,7033,GH08,leaf,Lower upper Ghazij Fm.,32,,,,,,,,,,y,,
SLW0001,SLW0001-27-02,7034,GH08,leaf,Lower upper Ghazij Fm.,32,,,,,,,,,,y,,
SLW0001,SLW0001-27-03,7035,GH08?,leaf,Lower upper Ghazij Fm.,12,32,,,,,,,,,y,,
SLW0001,SLW0001-28,7036,GH08,leaf,Lower upper Ghazij Fm.,1,3,7,12,81,2,5,8,63,15,y,,
SLW0001,SLW0001-29,7037,GH08,leaf,Lower upper Ghazij Fm.,2,68,12,,,,,,,,y,,
SLW0001,SLW0001-30-01,7038,GH08,leaf,Lower upper Ghazij Fm.,2,12,32,,,,,,,,y,,
SLW0001,SLW0001-30-02,7039,GH08,leaf,Lower upper Ghazij Fm.,-,,,,,,,,,,y,,
SLW0001,SLW0001-30-03,7040,GH04,leaf,Lower upper Ghazij Fm.,-,,,,,,,,,,y,,
SLW0001,SLW0001-30-04,7041,GH08,leaf,Lower upper Ghazij Fm.,1,,,,,,,,,,y,,
SLW0001,SLW0001-30-05,,GH08,leaf,Lower upper Ghazij Fm.,12,,,,,,,,,,y,,
SLW0001,SLW0001-31-01,7042,GH08,leaf,Lower upper Ghazij Fm.,12,1,32,,,,,,,,y,,
SLW0001,SLW0001-31-02,7043,GH04,leaf,Lower upper Ghazij Fm.,15,,,,,,,,,,y,,
SLW0001,SLW0001-31-03,,GH08,leaf,Lower upper Ghazij Fm.,3,21,77,,,,,,,,y,,
SLW0001,SLW0001-32,7044,GH08,leaf,Lower upper Ghazij Fm.,7,,,,,,,,,,y,,
SLW0001,SLW0001-33,7045,GH08,leaf,Lower upper Ghazij Fm.,1,12,,,,,,,,,y,,
SLW0001,SLW0001-34,7046,GH08,leaf,Lower upper Ghazij Fm.,12,,,,,,,,,,y,,
SLW0001,SLW0001-35,7047,GH08,leaf,Lower upper Ghazij Fm.,12,,,,,,,,,,y,,
SLW0001,SLW0001-36-01,7048,GH08,leaf,Lower upper Ghazij Fm.,1,3,5,32,,,,,,,y,,
SLW0001,SLW0001-36-02,7049,GH08?,leaf,Lower upper Ghazij Fm.,2,,,,,,,,,,y,potential DT83 not marked as anything -- maybe fungal but maybe just mineral staining,
SLW0001,SLW0001-36-03,7050,GH08?,leaf,Lower upper Ghazij Fm.,-,,,,,,,,,,y,,
SLW0001,SLW0001-36-04,7051,GH08,leaf,Lower upper Ghazij Fm.,7,16,,,,,,,,,y,,
SLW0001,SLW0001-37,7052,GH05?,leaf,Lower upper Ghazij Fm.,-,,,,,,,,,,y,,
SLW0001,SLW0001-38-01,7053,GH08,leaf,Lower upper Ghazij Fm.,12,32,1,2,3,,,,,,y,,
SLW0001,SLW0001-38-02,7054,indet. Dicot,leaf,Lower upper Ghazij Fm.,-,,,,,,,,,,y,,
SLW0002,SLW0002-01,7055,indet. Dicot,leaf,Lower upper Ghazij Fm.,1,2,3,5,86,32,,,,,y,,
SLW0002,SLW0002-02,7056,GH18,leaf,Lower upper Ghazij Fm.,2,3,32,46,8,12,,,,,y,,
SLW0002,SLW0002-03,7057,GH17,leaf,Lower upper Ghazij Fm.,1,2,77,33,29,5,46,,,,y,(darkest mark) surface feeding w some type of disturbed/necrotized area in the middle -- not distinctive enough to be a gall or scale cover -- called 29 (eliminated 49 and 110),
SLW0002,SLW0002-04-01,7058,indet. monocot,leaf,Lower upper Ghazij Fm.,3,8,,,,,,,,,y,"DT8 following parallel venation (orig oviposition note, but not convincing)",
SLW0002,SLW0002-04-02,7059,indet. Dicot,leaf,Lower upper Ghazij Fm.,-,,,,,,,,,,y,,
SLW0002,SLW0002-05,7060,GH18,leaf,Lower upper Ghazij Fm.,1,3,5,8,,,,,,,y,,
SLW0002,SLW0002-06,7061,GH15,leaf,Lower upper Ghazij Fm.,3,5,77,32,52,34,,,,,y,flagged to resume argument of DT77 later,
SLW0002,SLW0002-07,7062,GH18,leaf,Lower upper Ghazij Fm.,12,77,,,,,,,,,y,77 right of midvein near apex,
SLW0002,SLW0002-08,7063,indet. Dicot,leaf,Lower upper Ghazij Fm.,77,46,32,,,,,,,,y,77 left of midvein above crosscutting leaf,
SLW0002,SLW0002-09,7064,indet. Dicot,leaf,Lower upper Ghazij Fm.,12,46,32,286,lenticular scales??,,,,,,y,"286 on primary vein, covers themselves preserved",
SLW0002,SLW0002-10,7065,indet. Dicot,leaf,Lower upper Ghazij Fm.,5,,,,,,,,,,y,,
SLW0002,SLW0002-11,7066,GH29,leaf,Lower upper Ghazij Fm.,2,3,,,,,,,,,y,"63??? hole feeding along either side of the midvein, more distinctive on right, not quite suspended vein ",
SLW0002,SLW0002-12,7067,GH17,leaf,Lower upper Ghazij Fm.,3,34,,,,,,,,,y,,
SLW0002,SLW0002-13,7068,GH18?,leaf,Lower upper Ghazij Fm.,1,3,,,,,,,,,y,,
SLW0002,SLW0002-14,7069,GH18,leaf,Lower upper Ghazij Fm.,1,3,,,,,,,,,y,,
SLW0002,SLW0002-15,7070,GH18,leaf,Lower upper Ghazij Fm.,-,,,,,,,,,,y,,
SLW0002,SLW0002-16,7071,GH18,leaf,Lower upper Ghazij Fm.,3,5,,,,,,,,,y,,
SLW0002,SLW0002-17,7072,GH11,leaf,Lower upper Ghazij Fm.,1,pathogen??,,,,,,,,,y,"carbonized masses w/o rxn tissue, likely pathogen?",
SLW0002,SLW0002-18,7073,indet. monocot,leaf,Lower upper Ghazij Fm.,46,,,,,,,,,,y,"46 marks more circular and incorporated into tissue than the carbonized flaky bits, a couple potential scale marks but not enough structure",
SLW0003,SLW0003-01,7074,indet. axis,leaf,Lower upper Ghazij Fm.,-,,,,,,,,,,y,,
SLW0003,SLW0003-02,7075,GH04,leaf,Lower upper Ghazij Fm.,-,,,,,,,,,,y,,
SLW0003,SLW0003-03-01,7076,GH19,leaf,Lower upper Ghazij Fm.,-,,,,,,,,,,y,"unlikely, check back later, don't count for now (76,101 ovipos)",
SLW0003,SLW0003-04,7077,GH21,leaf,Lower upper Ghazij Fm.,-,,,,,,,,,,y,,
SLW0003,SLW0003-05,7078,GH21,leaf,Lower upper Ghazij Fm.,-,,,,,,,,,,y,,
SLW0003,SLW0003-06-01,7079,GH21,leaf,Lower upper Ghazij Fm.,-,,,,,,,,,,y,,
SLW0003,SLW0003-06-02,,GH21,leaf,Lower upper Ghazij Fm.,,,,,,,,,,,,,
SLW0003,SLW0003-06-03,,GH21,leaf,Lower upper Ghazij Fm.,,,,,,,,,,,,,
SLW0003,SLW0003-07,7080,indet. axis,leaf,Lower upper Ghazij Fm.,-,,,,,,,,,,y,,
SLW0003,SLW0003-08-01,7081,GH04,leaf,Lower upper Ghazij Fm.,-,,,,,,,,,,y,,
SLW0003,SLW0003-08-02,,GH19,leaf,Lower upper Ghazij Fm.,-,,,,,,,,,,y,"unlikely, check back later, don't count for now",
SLW0003,SLW0003-08-03,,GH19,leaf,Lower upper Ghazij Fm.,NA,,,,,,,,,,,,
SLW0003,SLW0003-08-04,,GH19,leaf,Lower upper Ghazij Fm.,NA,,,,,,,,,,,,
SLW0003,SLW0003-08-05,,GH19,leaf,Lower upper Ghazij Fm.,NA,,,,,,,,,,,,
SLW0003,SLW0003-08-06,,GH19,leaf,Lower upper Ghazij Fm.,NA,,,,,,,,,,,,
SLW0003,SLW0003-08-07,,GH04,leaf,Lower upper Ghazij Fm.,NA,,,,,,,,,,,,
SLW0003,SLW0003-08-08,,GH19,leaf,Lower upper Ghazij Fm.,NA,,,,,,,,,,,,
SLW0003,SLW0003-08-09,,GH19,leaf,Lower upper Ghazij Fm.,NA,,,,,,,,,,,,
SLW0003,SLW0003-08-10,,GH19,leaf,Lower upper Ghazij Fm.,NA,,,,,,,,,,,,
SLW0003,SLW0003-08-11,,GH04,leaf,Lower upper Ghazij Fm.,NA,,,,,,,,,,,,
SLW0003,SLW0003-08-12,,GH19,leaf,Lower upper Ghazij Fm.,NA,,,,,,,,,,,,
SLW0003,SLW0003-08-13,,GH19,leaf,Lower upper Ghazij Fm.,NA,,,,,,,,,,,,
SLW0003,SLW0003-08-14,,GH19,leaf,Lower upper Ghazij Fm.,NA,,,,,,,,,,,,
SLW0003,SLW0003-09,,GH19,leaf,Lower upper Ghazij Fm.,-,,,,,,,,,,y,,
SLW0004,SLW0004-01,7082,indet. Dicot,leaf,Lower upper Ghazij Fm.,-,,,,,,,,,,y,,
SLW0004,SLW0004-02,7083,indet. Dicot,leaf,Lower upper Ghazij Fm.,3,,,,,,,,,,y,,
SLW0004,SLW0004-03-01,7084,indet. Dicot,leaf,Lower upper Ghazij Fm.,32,,,,,,,,,,y,,
SLW0004,SLW0004-03-02,,indet. Dicot,leaf,Lower upper Ghazij Fm.,-,,,,,,,,,,y,,
SLW0004,SLW0004-04,7085,indet. Dicot,leaf,Lower upper Ghazij Fm.,-,,,,,,,,,,y,,
SLW0004,SLW0004-05,7086,GH18,leaf,Lower upper Ghazij Fm.,3,1,32,,,,,,,,y,,
SLW0005,SLW0005-01,7087,indet. Plant mat,leaf,Lower upper Ghazij Fm.,-,,,,,,,,,,y,indet plant mat,
SLW0005,SLW0005-02,7088,GH04,leaf,Lower upper Ghazij Fm.,34,,,,,,,,,,y,on monocot equivalent of 2o vein,
SLW0005,SLW0005-03-01,7089,GH01,leaf,Lower upper Ghazij Fm.,116,,,,,,,,,,y,"gall apical right, filled w matrix (had discussion about whether it's a gall or nothing)",
SLW0005,SLW0005-03-02,7090,GH01,leaf,Lower upper Ghazij Fm.,-,,,,,,,,,,y,,
SLW0005,SLW0005-04,7091,GH05?,leaf,Lower upper Ghazij Fm.,33,32,,,,,,,,,y,"33 toward apex, looks like one was carbonized at one point all over (not 110) ",
SLW0005,SLW0005-05-01,7092,indet. dicot,leaf,Lower upper Ghazij Fm.,32,,,,,,,,,,y,circle on 3o vein but nothing,
SLW0005,SLW0005-05-02,7093,indet. ,leaf,Lower upper Ghazij Fm.,-,,,,,,,,,,y,,
SLW0005,SLW0005-05-03,7094,GH04,leaf,Lower upper Ghazij Fm.,1,110,32,,,,,,,,y,"spectacular example of 110, looks just like the guide",
SLW0005,SLW0005-06-01,7095,GH20,leaf,Lower upper Ghazij Fm.,-,,,,,,,,,,y,,
SLW0005,,7096,,,,NA,,,,,,,,,,,,
SLW0005,,7097,,,,NA,,,,,,,,,,,,
SLW0005,SLW0005-07-01,7098,GH03,leaf,Lower upper Ghazij Fm.,-,,,,,,,,,,y,,
SLW0005,SLW0005-07-02,7099,GH03?,leaf,Lower upper Ghazij Fm.,-,,,,,,,,,,y,,
SLW0005,SLW0005-08,7100,indet. Dicot,leaf,Lower upper Ghazij Fm.,-,,,,,,,,,,y,,
SLW0005,SLW0005-09,7101,GH06,leaf,Lower upper Ghazij Fm.,32,34,46,,,,,,,,y,really super good 46 example (like soooo many eww),
SLW0005,SLW0005-100,7102,indet. Plant mat,leaf,Lower upper Ghazij Fm.,-,,,,,,,,,,y,indet plant mat,
SLW0005,SLW0005-10-01,7103,GH06,leaf,Lower upper Ghazij Fm.,1,3,,,,,,,,,y,,
SLW0005,SLW0005-10-02,7104,GH03?,leaf,Lower upper Ghazij Fm.,46,32,,,,,,,,,y,,
SLW0005,SLW0005-10-03,7105,GH06?,leaf,Lower upper Ghazij Fm.,-,,,,,,,,,,y,,
SLW0005,SLW0005-10-04,7106,GH06,leaf,Lower upper Ghazij Fm.,1,,,,,,,,,,y,,
SLW0005,SLW0005-11,7107,GH41,leaf,Lower upper Ghazij Fm.,33,12,32,,,,,,,,y,DT12 lower left margin; large DT32 and 33 (start alejo session 1/23),
SLW0005,SLW0005-12-01,7108,GH37,leaf,Lower upper Ghazij Fm.,34,,,,,,,,,,y,DT34 on 2o vein,
SLW0005,SLW0005-12-02,7109,GH01?,leaf,Lower upper Ghazij Fm.,32,,,,,,,,,,y,"repeated instances of tissue removal that's about the same size, likely counterpart of galls DT32 (confident enough bc there are so many) ",
SLW0005,SLW0005-13,7110,GH35,leaf,Lower upper Ghazij Fm.,32,,,,,,,,,,y,DT32 small carbonized bit,
SLW0005,SLW0005-14-01,7111,GH05?,leaf,Lower upper Ghazij Fm.,12,32,,,,,,,,,y,,
SLW0005,SLW0005-14-02,7112,indet.,leaf,Lower upper Ghazij Fm.,-,,,,,,,,,,y,,
SLW0005,SLW0005-15,7113,indet. Dicot,leaf,Lower upper Ghazij Fm.,3,,,,,,,,,,y,double check scales,
SLW0005,SLW0005-16-01,7114,GH04?,leaf,Lower upper Ghazij Fm.,-,,,,,,,,,,y,,
SLW0005,SLW0005-16-02,7115,GH06,leaf,Lower upper Ghazij Fm.,8,17,397,33,,,,,,,y,"decent DT08 ex; DT397 as woody stellate gall with radiating wrinkles, distorting midvein from right side (not in my guide version but in a more updated one from alejo -- similar to Bogota example (about 3x3mm); photos stacked and saved on desktop",
SLW0005,SLW0005-17-01,7116,GH06,leaf,Lower upper Ghazij Fm.,32,12,,,,,,,,,y,,
SLW0005,SLW0005-17-02,7117,indet. dicot,leaf,Lower upper Ghazij Fm.,-,,,,,,,,,,y,,
SLW0005,SLW0005-17-03,7118,indet. Dicot,leaf,Lower upper Ghazij Fm.,3,16,,,,,,,,,y,"DT16 as majority of leaf without dark tissue, must call skelet w/o clear rxn tissue bc very diff from bottom portion",
SLW0005,SLW0005-18-01,7119,GH06,leaf,Lower upper Ghazij Fm.,16,,,,,,,,,,y,,
SLW0005,SLW0005-18-02,7120,GH06,leaf,Lower upper Ghazij Fm.,32,,,,,,,,,,y,DT32 as dimples counterpart to carb galls on part we dont have,
SLW0005,SLW0005-18-03,7121,indet.,leaf,Lower upper Ghazij Fm.,-,,,,,,,,,,y,,
SLW0005,SLW0005-19-01,7122,GH06,leaf,Lower upper Ghazij Fm.,12,17,,,,,,,,,y,,
SLW0005,SLW0005-19-02,7123,GH06,leaf,Lower upper Ghazij Fm.,-,,,,,,,,,,y,,
SLW0005,SLW0005-19-03,7124,GH01,leaf,Lower upper Ghazij Fm.,17,32,12,,,,,,,,y,DT12 awesome example; several DT32,
SLW0005,SLW0005-19-04,7125,GH01,leaf,Lower upper Ghazij Fm.,1,3,16,,,,,,,,y,,
SLW0005,SLW0005-19-05,7126,GH01,leaf,Lower upper Ghazij Fm.,-,,,,,,,,,,y,,
SLW0005,SLW0005-19-06,7127,indet. Dicot,leaf,Lower upper Ghazij Fm.,-,,,,,,,,,,y,,
SLW0005,SLW0005-20,7128,GH06,leaf,Lower upper Ghazij Fm.,32,,,,,,,,,,y,,
SLW0005,SLW0005-21-01,7129,GH01,leaf,Lower upper Ghazij Fm.,-,,,,,,,,,,y,7129 as popped off leaf spec; no 32 or 34; start alejo validation 1/30,
SLW0005,SLW0005-21-02,7130,GH01,leaf,Lower upper Ghazij Fm.,17,32,,,,,,,,,y,,
SLW0005,SLW0005-21-03,7131,GH01,leaf,Lower upper Ghazij Fm.,1,16,,,,,,,,,y,,
SLW0005,SLW0005-21-04,,GH01,leaf,Lower upper Ghazij Fm.,,,,,,,,,,,,,
SLW0005,SLW0005-22,7132,GH06,leaf,Lower upper Ghazij Fm.,-,,,,,,,,,,y,,
SLW0005,SLW0005-23,7133,GH06,leaf,Lower upper Ghazij Fm.,-,,,,,,,,,,y,,
SLW0005,SLW0005-24,7134,GH06?,leaf,Lower upper Ghazij Fm.,-,,,,,,,,,,y,,
SLW0005,SLW0005-25-01,7135,GH01,leaf,Lower upper Ghazij Fm.,17,,,,,,,,,,y,,
SLW0005,SLW0005-25-02,7136,GH01,leaf,Lower upper Ghazij Fm.,-,,,,,,,,,,y,,
SLW0005,SLW0005-25-03,7137,indet. Dicot,leaf,Lower upper Ghazij Fm.,46,,,,,,,,,,y,,
SLW0005,SLW0005-25-04,7138,GH01,leaf,Lower upper Ghazij Fm.,32,1,,,,,,,,,y,,
SLW0005,SLW0005-25-05,7139,GH06?,leaf,Lower upper Ghazij Fm.,-,,,,,,,,,,y,,
SLW0005,SLW0005-25-06,7140,GH01,leaf,Lower upper Ghazij Fm.,-,,,,,,,,,,y,,
SLW0005,SLW0005-25-07,,GH41,leaf,Lower upper Ghazij Fm.,-,,,,,,,,,,y,,
SLW0005,SLW0005-26-01,7141,GH41,leaf,Lower upper Ghazij Fm.,-,,,,,,,,,,y,,
SLW0005,SLW0005-26-02,7142,indet.,leaf,Lower upper Ghazij Fm.,-,,,,,,,,,,y,,
SLW0005,SLW0005-26-03,7143,GH04,leaf,Lower upper Ghazij Fm.,-,,,,,,,,,,y,,
SLW0005,SLW0005-26-04,,GH05,leaf,Lower upper Ghazij Fm.,-,,,,,,,,,,y,46 embedded into leaf tissue between 1st 2 2o veins down from apex on left side of midvein… or maybe 32 or just revealing a bit of carbonized layer under the leaf,
SLW0005,SLW0005-27-01,7144,GH06?,leaf,Lower upper Ghazij Fm.,17,,,,,,,,,,y,,
SLW0005,SLW0005-27-02,7145,GH01,leaf,Lower upper Ghazij Fm.,1,,,,,,,,,,y,,
SLW0005,SLW0005-27-03,,GH02?,leaf,Lower upper Ghazij Fm.,NA,,,,,,,,,,,,
SLW0005,SLW0005-28,7146,GH05,leaf,Lower upper Ghazij Fm.,-,,,,,,,,,,y,,
SLW0005,SLW0005-29,7147,GH06,leaf,Lower upper Ghazij Fm.,-,,,,,,,,,,y,,
SLW0005,SLW0005-30-01,7148,GH01,leaf,Lower upper Ghazij Fm.,17,1,,,,,,,,,y,,
SLW0005,SLW0005-30-02,7149,GH30,leaf,Lower upper Ghazij Fm.,-,,,,,,,,,,y,,
SLW0005,SLW0005-31,7150,GH06,leaf,Lower upper Ghazij Fm.,-,,,,,,,,,,y,,
SLW0005,SLW0005-32,7151,indet.,leaf,Lower upper Ghazij Fm.,-,,,,,,,,,,y,,
SLW0005,SLW0005-33,7152,snail,snail,Lower upper Ghazij Fm.,-,,,,,,,,,,y,,
SLW0005,SLW0005-34,7153,GH06?,leaf,Lower upper Ghazij Fm.,17,12,32,,,,,,,,y,,
SLW0005,SLW0005-35-01,7154,GH06,leaf,Lower upper Ghazij Fm.,12,,,,,,,,,,y,,
SLW0005,SLW0005-35-02,7155,GH01?,leaf,Lower upper Ghazij Fm.,-,,,,,,,,,,y,,
SLW0005,SLW0005-35-03,7156,indet. dicot,leaf,Lower upper Ghazij Fm.,1,,,,,,,,,,y,,
SLW0005,SLW0005-36,7157,GH06?,leaf,Lower upper Ghazij Fm.,-,,,,,,,,,,y,,
SLW0005,SLW0005-37,7158,GH41,leaf,Lower upper Ghazij Fm.,-,,,,,,,,,,y,,
SLW0005,SLW0005-38,7159,GH26,seed,Lower upper Ghazij Fm.,-,,,,,,,,,,y,,
SLW0005,SLW0005-39,7160,GH06,leaf,Lower upper Ghazij Fm.,-,,,,,,,,,,y,,
SLW0005,SLW0005-40,7161,GH06,leaf,Lower upper Ghazij Fm.,5,,,,,,,,,,y,,
SLW0005,SLW0005-41,7162,amber,amber,Lower upper Ghazij Fm.,-,,,,,,,,,,y,,
SLW0005,SLW0005-42-01,7163,GH06,leaf,Lower upper Ghazij Fm.,3,,,,,,,,,,y,,
SLW0005,SLW0005-42-02,7164,GH01,leaf,Lower upper Ghazij Fm.,50,,,,,,,,,,y,,
SLW0005,SLW0005-43,7165,indet. Dicot,leaf,Lower upper Ghazij Fm.,12,,,,,,,,,,y,,
SLW0005,SLW0005-44-01,7166,GH05?,leaf,Lower upper Ghazij Fm.,197,,,,,,,,,,,,
SLW0005,SLW0005-44-02,7167,GH41,leaf,Lower upper Ghazij Fm.,10?,,,,,,,,,,,,
SLW0005,SLW0005-45-01,7168,GH01,leaf,Lower upper Ghazij Fm.,12,16,,,,,,,,,y,,
SLW0005,SLW0005-45-02,7169,GH01,leaf,Lower upper Ghazij Fm.,16,1,,,,,,,,,y,bad example of dt16 but it's there;,
SLW0005,SLW0005-45-03,7170,GH01,leaf,Lower upper Ghazij Fm.,-,,,,,,,,,,y,,
SLW0005,SLW0005-46-01,7171,GH01,leaf,Lower upper Ghazij Fm.,16,,,,,,,,,,y,,
SLW0005,SLW0005-46-02,7172,GH01,leaf,Lower upper Ghazij Fm.,1,63,3,,,,,,,,y,check w peter about dt63; a lot of dt1; no mine,
SLW0005,SLW0005-46-03,7173,GH01,leaf,Lower upper Ghazij Fm.,-,,,,,,,,,,y,,
SLW0005,SLW0005-46-04,7174,GH01,leaf,Lower upper Ghazij Fm.,3,16,46,,,,,,,,y,dt3 and 16 too far apart to call it 18; dt46 not great but there,
SLW0005,SLW0005-46-05,7175,indet.,leaf,Lower upper Ghazij Fm.,-,,,,,,,,,,y,twig,
SLW0005,SLW0005-46-06,7176,GH01,leaf,Lower upper Ghazij Fm.,32,33,1,,,,,,,,y,,
SLW0005,SLW0005-47-01,7177,GH07,leaf,Lower upper Ghazij Fm.,1,3,,,,,,,,,y,,
SLW0005,SLW0005-47-02,7178,GH05,leaf,Lower upper Ghazij Fm.,32,1,,,,,,,,,y,DT1 right side of midvein as preservation starts to get worse; DT32 left margin,
SLW0005,SLW0005-47-03,7179,GH05,leaf,Lower upper Ghazij Fm.,-,,,,,,,,,,y,"discussion of possible skelet, concluded no bc preservation not good enough ",
SLW0005,SLW0005-47-04,7180,GH05,leaf,Lower upper Ghazij Fm.,-,,,,,,,,,,y,,
SLW0005,SLW0005-47-05,7181,,,,NA,,,,,,,,,,y,,
SLW0005,SLW0005-47-06,7182,,,,NA,,,,,,,,,,y,,
SLW0005,SLW0005-47-07,7183,GH01,leaf,Lower upper Ghazij Fm.,-,,,,,,,,,,y,,
SLW0005,SLW0005-48-01,7184,GH01,leaf,Lower upper Ghazij Fm.,1,32,3,,,,,,,,y,,
SLW0005,SLW0005-48-02,7185,indet. Dicot,leaf,Lower upper Ghazij Fm.,17,?,,,,,,,,,y,light discolored region with possible frass pellets --> maybe used to be a mine or something but boundaries unclear so can't say it is certainly anything,
SLW0005,SLW0005-48-03,7186,indet,leaf,Lower upper Ghazij Fm.,-,,,,,,,,,,y,,
SLW0005,SLW0005-48-04,,GH31,leaf,Lower upper Ghazij Fm.,110,,,,,,,,,,y,,
SLW0005,SLW0005-49-01,7187,indet. Dicot,leaf,Lower upper Ghazij Fm.,32,?,,,,,,,,,y,potential DT46 but alejo isn't convinced,
SLW0005,SLW0005-49-02,7188,GH01,leaf,Lower upper Ghazij Fm.,-,,,,,,,,,,y,twig,
SLW0005,SLW0005-50-01,7189,GH06,leaf,Lower upper Ghazij Fm.,3,,,,,,,,,,y,,
SLW0005,SLW0005-50-02,7190,indet. dicot,leaf,Lower upper Ghazij Fm.,-,,,,,,,,,,y,,
SLW0005,SLW0005-50-03,7191,indet. dicot,leaf,Lower upper Ghazij Fm.,12,,,,,,,,,,y,,
SLW0005,SLW0005-50-04,,GH01?,leaf,Lower upper Ghazij Fm.,1,12,,,,,,,,,y,,
SLW0005,SLW0005-51-01,7192,GH06?,leaf,Lower upper Ghazij Fm.,-,,,,,,,,,,y,big carbonized gall (or just mineralization?) left of primary vein near base,
SLW0005,SLW0005-51-02,7193,GH01,leaf,Lower upper Ghazij Fm.,-,,,,,,,,,,y,"3 of 32 on tertiary vein in 3rd region up from base of primary vein, weird dark cluster near 2 of those, double check for skelet?",
SLW0005,SLW0005-52,7194,GH01,leaf,Lower upper Ghazij Fm.,32,,,,,,,,,,y,"a few 32s, one of which is interesting: donut shaped, <1 mm, somewhat like 266 but not quite (in 2nd region down from apex), next to this: are with missing tissue but carbonized outline?",
SLW0005,SLW0005-53-01,7195,GH01,leaf,Lower upper Ghazij Fm.,1,32,,,,,,,,,y,"elliptical shapes of 3 sizes w carbonized rims, appears to be some leaf tissue texture/venation left inside — surface feeding? more incorporated into venation closer to base? maybe some gall rim remnants? ",
SLW0005,SLW0005-53-02,7196,GH01,leaf,Lower upper Ghazij Fm.,32,12,1,,,,,,,,y,"small skeletonized/different preserved region left of apex, 1.5mm ish; margin feeding right of base, obscured some by overhanging rock material; skelet at center or preservation ",
SLW0005,SLW0005-53-03,7197,GH01,leaf,Lower upper Ghazij Fm.,-,,,,,,,,,,y,34 on third 2o vein from apex on left; skelet in center region or preservation,
SLW0005,SLW0005-53-04,7198,GH01,leaf,Lower upper Ghazij Fm.,-,,,,,,,,,,y,possible 286 or 77 on left side of apex above crack by short carbonized line; long thin black preserved lines closer to base as something? ,
SLW0005,SLW0005-53-05,7199,GH01,leaf,Lower upper Ghazij Fm.,3,,,,,,,,,,y,"2 amber-colored circles (<1mm) right of base as 32; 3 polylobate holes(?) along left margin, maybe veins left? (no evidence on B part) ",
SLW0005,SLW0005-53-06,,GH01,leaf,Lower upper Ghazij Fm.,-,,,,,,,,,,y,34 left of apex; amber-colored elliptical damage with carbonized bits as pathogen?; other extra leaf on the rock with a potential primary vein gall?,
SLW0005,SLW0005-54-01,7200,indet. Dicot,leaf,Lower upper Ghazij Fm.,-,,,,,,,,,,y,"potential 147 left of base, gall w carbonized central area incorporating tertiary veins; 34 on most basal 2o vein on right; potential 53 on overlying leaf piece at apex… (scorable?) ",
SLW0005,SLW0005-54-02,7201,GH03?,leaf,Lower upper Ghazij Fm.,-,,,,,,,,,,y,,
SLW0005,SLW0005-54-03,,,leaf,Lower upper Ghazij Fm.,12,30,,,,,,,,,y,"12 top right near apex; 2 instances of maybe 163 (183?206?) right of midvein as orange oxidized patches surrounded with thick carbonized rims; patches marked as surface feeding DT30 (thick rxn rim, polylobate)",
SLW0005,SLW0005-54-04,,GH01?,leaf,Lower upper Ghazij Fm.,32,34,1,3,,,,,,,y,32 and 34 across leaf; maybe 163 on specimen counterpart only! same appearance as in the last specimen except for the oxidized center,
SLW0005,SLW0005-55-01,7202,GH33,leaf,Lower upper Ghazij Fm.,46,12,,,,,,,,,y,"46 left of midvein near apex, circular depressions set them apart from the rest of the carbonized fragments",
SLW0005,SLW0005-55-02,7203,GH33?,leaf,Lower upper Ghazij Fm.,-,,,,,,,,,,y,33 galls on midvein or just carbonized bits?,
SLW0005,SLW0005-56-01,7204,GH01,leaf,Lower upper Ghazij Fm.,12,,,,,,,,,,y,12 on right of base (fragment separated from rest of leaf); potential galls? prob just deposition effects,
SLW0005,SLW0005-56-02,7205,GH01,leaf,Lower upper Ghazij Fm.,153,5,3,,,,,,,,y,2 near base? new scale at left margin: thin raised carbonized rim and carbonized core with internal texture; 290? scale but more like small (2mm) version of 320 (must be 8 mm) + more toward apex?; 16 at apex; any more galls or depositional effects --> DT153 as flat galls (repetitive) to check w Peter,
SLW0005,SLW0005-57-01,7206,indet. axis,leaf,Lower upper Ghazij Fm.,-,,,,,,,,,,y,check proper leaf was scored,
SLW0005,SLW0005-57-02,7207,GH34,leaf,Lower upper Ghazij Fm.,32,46,3,12,,,,,,,y,"32 left near base; 12 left basal margin; 46 and 281 (like 46 but a lot smaller and clustered) at basal left, 281 between 4th and 5th 2o veins up from base (more 281 near apex and more 32 and 3 on counterpart? + check out the weird spots on the leaf on the underside of the rock",
SLW0005,SLW0005-58,7208,GH05?,leaf,Lower upper Ghazij Fm.,32,,,,,,,,,,y,B: tiny red spots near apex left of midvein as mineralization or P+S?; check A for midvein gall near apex but unlikely,
SLW0005,SLW0005-59,7209,indet. dicot,leaf,Lower upper Ghazij Fm.,-,,,,,,,,,,y,weird brown glossy fragment under specimen near margin,
SLW0005,SLW0005-60,7210,GH05,leaf,Lower upper Ghazij Fm.,12,,,,,,,,,,y,16 near apex or bad preservation ,
SLW0005,SLW0005-61-01,7211,GH01,leaf,Lower upper Ghazij Fm.,12,,,,,,,,,,y,12 near apex on left; some tiny black and red spots?; some possible P+S along 2o veins esp left of midvein (maybe 138?),
SLW0005,SLW0005-61-02,7212,GH01,leaf,Lower upper Ghazij Fm.,1,,,,,,,,,,y,12 near right base; more of that carbonized rim like on SLW0005-54-04 ,
SLW0005,SLW0005-61-03,7213,GH01,leaf,Lower upper Ghazij Fm.,32,1,,,,,,,,,y,"like smaller (<1mm) version of gall 49, carbonized center, blank space, carbonized rim (right of midvein nearish apex)",
SLW0005,SLW0005-62,7214,GH07,leaf,Lower upper Ghazij Fm.,17,2,1,32,12,,,,,,y,"hole feeding or gall base at left side base? square carbonized rim — like singular version of 206?; 3 hole top left or just 2 DT? 46 as a small version of scale insect 290 (dark circular impressed bit above third vein down from apex on left); above third vein up from base on right, carbonized bit that looks vaguely like a bug??? probably gaslighting myself",
SLW0005,SLW0005-63-01,7215,GH03?,leaf,Lower upper Ghazij Fm.,-,,,,,,,,,,y,,
SLW0005,SLW0005-63-02,7216,GH01,leaf,Lower upper Ghazij Fm.,1,3,30,32,,,,,,,y,more carbonized rings!! 163ish??? dont think its just DT1 hole feeding,
SLW0005,SLW0005-63-03,7217,GH01,leaf,Lower upper Ghazij Fm.,34,,,,,,,,,,y,"carbonized along bottom right margin on A? surface feeding DT30 on B, maybe hole feeding at very base of B?",
SLW0005,SLW0005-64-01,7218,GH01,leaf,Lower upper Ghazij Fm.,17,32,3,2,,,,,,,y,32 multiples places near base and apex; hole feeding at base; also 46 around left base (depressions),
SLW0005,SLW0005-64-02,7219,GH01,leaf,Lower upper Ghazij Fm.,30,1,,,,,,,,,y,maybe 163 near apex (3 instances on left),
SLW0005,SLW0005-64-03,7220,GH01,leaf,Lower upper Ghazij Fm.,1,17,,,,,,,,,y,various on left side,
SLW0005,SLW0005-64-04,7221,GH03,leaf,Lower upper Ghazij Fm.,77?,,,,,,,,,,y,77 mid left (maybe more yellowish scales of some sort above it?),
SLW0005,SLW0005-65,7222,GH33,leaf,Lower upper Ghazij Fm.,-,,,,,,,,,,,"something weird going on, just preservation? maybe pathogen?",
SLW0005,SLW0005-66-01,7223,GH01,leaf,Lower upper Ghazij Fm.,163?,50,,,,,,,,,,maybe 163 base right; hole feeding pattern dt50 along left of midvein,
SLW0005,SLW0005-66-02,7224,GH04?,leaf,Lower upper Ghazij Fm.,29?,,,,,,,,,,,surface feeding 29? as weird carbonized patch on both A&B parts,
SLW0005,SLW0005-67-01,7225,GH01,leaf,Lower upper Ghazij Fm.,163?,34,,,,,,,,,,maybe 163 middle right; any skelet or just preservation?,
SLW0005,SLW0005-67-02,7226,GH01,leaf,Lower upper Ghazij Fm.,34?,,,,,,,,,,,gall? or scale or nothing? as small carbonized ring above/touching first VERY prominent 2o vein down from apex on right,
SLW0005,SLW0005-68-01,7227,indet. dicot,leaf,Lower upper Ghazij Fm.,-,,,,,,,,,,,"weird preservation pattern over whole rock, not actual damage to leaf ",
SLW0005,SLW0005-68-02,,,,,NA,,,,,,,,,,,,
SLW0005,SLW0005-69-01,7228,GH33?,leaf,Lower upper Ghazij Fm.,1,158?,65?,12?,32,,,,,,,probably hole feeding DT1 basal right (really fucking small);maybe 158 also basal right (raised scale or not damage??); dt65? as mine at base of part B; maybe 12 on left of part C; 32 near top left ,
SLW0005,SLW0005-69-02,7229,indet.,leaf,Lower upper Ghazij Fm.,-,,,,,,,,,,,,
SLW0005,SLW0005-70,7230,indet. dicot,leaf,Lower upper Ghazij Fm.,79,16,,,,,,,,,,skeletonization mostly following 1o and 2o veins,
SLW0005,SLW0005-71-01,7231,GH01,leaf,Lower upper Ghazij Fm.,32,?,?,,,,,,,,,a few 32 across right side; 4 light-colored circular to polylobate mines?? (scales don't seem super likely bc borders aren't smooth) in various locations; area of small carbonized spots (frass?) in 4th and 5th intercostal areas up from base on right side as potential blotch mine though no discernible border,
SLW0005,SLW0005-71-02,7232,indet.,leaf,Lower upper Ghazij Fm.,-,,,,,,,,,,,(note that spec is little fragment next to 231 by apex),
SLW0005,SLW0005-72,7233,GH01,leaf,Lower upper Ghazij Fm.,34?,163?,,,,,,,,,,2 more carbonized rings as something like dt163 ish? maybe dt34 gall on second 2o vein down from apex right,
SLW0005,SLW0005-73-01,7234,GH01,leaf,Lower upper Ghazij Fm.,32,,,,,,,,,,,2 instances of dt32 in 3rd intercostal area down from apex along midvein left,
SLW0005,SLW0005-73-02,7235,GH01,leaf,Lower upper Ghazij Fm.,32,163?,281,,,,,,,,,brown spots as likely remineralized tissues remanants not damage; dt32 in 6th intercostal area up from base left; 163ish?3 instances along left margin; larger brown spots by apex left as P+S dt281 ,
SLW0005,SLW0005-73-03,7236,GH01,leaf,Lower upper Ghazij Fm.,47,,,,,,,,,,,"dt47 as convex P+S near apex right, w a few marks on midvein",
SLW0005,SLW0005-74-01,7237,GH01,leaf,Lower upper Ghazij Fm.,32,1?,3?,,,,,,,,,"32 across spec; hole feeding or surface feeding or 163 ish?? mostly on left side, carbonized rims (dt1 and 3 for now)",
SLW0005,SLW0005-74-02,7238,GH06,leaf,Lower upper Ghazij Fm.,-,,,,,,,,,,,,
SLW0005,SLW0005-75-01,7239,GH01,leaf,Lower upper Ghazij Fm.,?,,,,,,,,,,,"2 light colored spots left of midvein, sort of like spec 7231 — looks like dog vomit carpet stains — surface feeding???",
SLW0005,SLW0005-75-02,7240,GH01,leaf,Lower upper Ghazij Fm.,32,,,,,,,,,,,a couple instances of 32 basal left; lighter splotch like previous specimen,
SLW0005,SLW0005-75-03,7241,GH06?,leaf,Lower upper Ghazij Fm.,-,,,,,,,,,,,"weird preservational differences, probably nothing",
SLW0005,SLW0005-75-04,7242,GH03,leaf,Lower upper Ghazij Fm.,?,,,,,,,,,,,"another weird splotch, like spec 7240, lighter and more circular, looks diff in scope UV setting",
SLW0005,SLW0005-76,7243,GH01,leaf,Lower upper Ghazij Fm.,1,2,3,,,,,,,,,hole feeding mostly across left side of leaf; potential for skelet?,
SLW0005,SLW0005-77-01,7244,GH01,leaf,Lower upper Ghazij Fm.,?,,,,,,,,,,,potential for some blotch mining or little mine below 2nd 2o vein down from apex right (kind of like small version of 170) ,
SLW0005,SLW0005-77-02,7245,GH01,leaf,Lower upper Ghazij Fm.,12,32,,,,,,,,,,12? and 32 (one larger one smaller gall) basal left; potential for skelet but probably just strange preservation?,
SLW0005,SLW0005-78-01,7246,GH01,leaf,Lower upper Ghazij Fm.,32,3,,,,,,,,,,32 near right margin toward apex; maybe DT3 without fully carbonized rim in central leaf region,
SLW0005,SLW0005-78-02,7247,GH01,leaf,Lower upper Ghazij Fm.,3,12?,,,,,,,,,,DT3 as central holes; what is going on basal right? margin feeding along carbonized line? don't think it's same leaf on two levels,
SLW0005,SLW0005-78-03,7248,indet. Dicot,leaf,Lower upper Ghazij Fm.,?,,,,,,,,,,,dark oval as some type of pathogen? doesn't quite fit scale,
SLW0005,SLW0005-79-01,7249,GH33,leaf,Lower upper Ghazij Fm.,-,,,,,,,,,,,,
SLW0005,SLW0005-79-02,7250,GH03,leaf,Lower upper Ghazij Fm.,330?,46,,,,,,,,,,SO MANY tiny fully dark spots or circular rims on right half of monocot leaf (actually gagging) — P+S or potential oviposition? 330 seems closest but meant for non-monocot — peter says 46 for the circular ones; rest are probably just coal (different angles prob not biotic),
SLW0005,SLW0005-80,7251,GH05,leaf,Lower upper Ghazij Fm.,1,12,120?,,,,,,,,,dt1 apical right and basal left; 12 on left margin; weird carbonized outline of spotch on ride side?; carbonized ring on left margin as possible 120 or 163,
SLW0005,SLW0005-81-01,7252,GH33?,leaf,Lower upper Ghazij Fm.,46,,,,,,,,,,,"dt46 (maybe 32?) basal left, looks more waxy/scaly than gally; potential hole feeding basal and apical left",
SLW0005,SLW0005-81-02,7253,indet.,leaf,Lower upper Ghazij Fm.,-,,,,,,,,,,,,
SLW0005,SLW0005-82,7254,indet. dicot,leaf,Lower upper Ghazij Fm.,32,110?,,,,,,,,,,2 very strong dt32 near upper edge; maybe gall dt110 between them?,
SLW0005,SLW0005-83-01,7255,indet. dicot,leaf,Lower upper Ghazij Fm.,-,,,,,,,,,,,potential gall lower right? prob not,
SLW0005,SLW0005-83-02,7256,GH01,leaf,Lower upper Ghazij Fm.,-,,,,,,,,,,,,
SLW0005,SLW0005-84,7257,indet. dicot,leaf,Lower upper Ghazij Fm.,16,32,34,,,,,,,,,"Part A: dt16 or preservation? midvein gall? not convinced// Part B: 32 right of midvein, with 34? below it",
SLW0005,SLW0005-85-01,7258,GH30,leaf,Lower upper Ghazij Fm.,-,,,,,,,,,,,,
SLW0005,SLW0005-85-02,7259,GH01,leaf,Lower upper Ghazij Fm.,8,,,,,,,,,,,dt8 basal left,
SLW0005,SLW0005-86,7260,GH07,leaf,Lower upper Ghazij Fm.,-,,,,,,,,,,,,
SLW0005,SLW0005-87,7261,GH02?,leaf,Lower upper Ghazij Fm.,-,,,,,,,,,,,,
SLW0005,SLW0005-88,7262,GH02,leaf,Lower upper Ghazij Fm.,-,,,,,,,,,,,maybe some gall? on left (upper central) but no 3d structure,
SLW0005,SLW0005-89-01,7263,GH07,leaf,Lower upper Ghazij Fm.,32,gall?,,,,,,,,,,"32 lower right; larger potential gall lower left (strong venation, probably preservation)",
SLW0005,SLW0005-89-02,7264,indet. Dicot,leaf,Lower upper Ghazij Fm.,3?,gall?,,,,,,,,,,dt3 as the two cells cleared of tissue? potential gall basal left but not really distinct characters?,
SLW0005,SLW0005-90-01,7265,GH01,leaf,Lower upper Ghazij Fm.,32,46,47,,,,,,,,,"32 upper right; 46 midway on left side following secondary vein sort of linearly by margin, with one raised 47 among them?",
SLW0005,SLW0005-90-02,7266,GH01,leaf,Lower upper Ghazij Fm.,31,,,,,,,,,,,"31 next to midvein near apex (as surface feeding, maybe 29 instead?)",
SLW0005,SLW0005-90-03,7267,GH01,leaf,Lower upper Ghazij Fm.,163?,32,,,,,,,,,,"163? as carbonized rims near apex (1–3), one might be a scale mark?; small 32 basal left; ambery dots as mineralization effects probably ",
SLW0005,SLW0005-91,7268,GH02,leaf,Lower upper Ghazij Fm.,3,,,,,,,,,,,tiny (about 1mm ish) hole right of midvein toward apex,
SLW0005,SLW0005-92,7269,GH01,leaf,Lower upper Ghazij Fm.,32,147?,16?,,,,,,,,,"32 near left margin apex; gall (closest id as DT147) along right margin near base, incorporating 3o veins and caving in the margin? and another one further down; some kind of surface feeding or skelet in carbonized ring left of midvein, centrally ",
SLW0005,SLW0005-93,7270,indet. Mat,leaf,Lower upper Ghazij Fm.,-,,,,,,,,,,,like maybe a little <1mm round something but very little 3d structure so probably not,
SLW0005,SLW0005-94-01,7271,GH07,leaf,Lower upper Ghazij Fm.,1,3,999,new mine,,,,,,,,maybe mine just above 3rd 2o vein down from apex as light-colored chamber with exit path but probably not?; hole feeding above 2nd 2o vein down from apex? maybe some near base? ,
SLW0005,SLW0005-94-02,7272,GH05,leaf,Lower upper Ghazij Fm.,32,34?,,,,,,,,,,32 apical left; carbonized ring down a bit left margin as anything?; potential gall at branch point of 3o vein from 2o vein on 3rd 2o vein up from base as dt34; maybe some P+S across leaf but probably just carbonized bits; dark rings probably not insecty ,
SLW0005,SLW0005-94-03,,snail,snail,Lower upper Ghazij Fm.,-,,,,,,,,,,,,
SLW0005,SLW0005-95-01,7273,GH07,leaf,Lower upper Ghazij Fm.,32,999,new mine DT (big+small),,,,,,,,,"3 potential mines apical right (no frass, rxn tissue outline not great, leave as preservation effects for now); new mine DT (possible Incurvariidae one) on left side, some small versions as well (giving the same DT#?) — are the marks on the right related?",
SLW0005,SLW0005-95-02,7274,GH05,leaf,Lower upper Ghazij Fm.,12?,,,,,,,,,,,"potential for midvein gall and/or gall at 3o vein intersection toward base, but not super distinct; small 12 right margin",
SLW0005,SLW0005-95-03,7275,GH05,leaf,Lower upper Ghazij Fm.,-,,,,,,,,,,,,
SLW0005,SLW0005-95-04,7276,GH01,leaf,Lower upper Ghazij Fm.,-,,,,,,,,,,,,
SLW0005,SLW0005-95-05,,GH01,leaf,Lower upper Ghazij Fm.,-,,,,,,,,,,,,
SLW0005,SLW0005-95-06,,GH30,leaf,Lower upper Ghazij Fm.,33?,,,,,,,,,,,midvein gall?? or preservational? missing that thick carbonized character for DT33,
SLW0005,SLW0005-96,7277,indet. dicot,leaf,Lower upper Ghazij Fm.,-,,,,,,,,,,,,
SLW0005,SLW0005-97,7278,GH07,leaf,Lower upper Ghazij Fm.,325?,32,999,new mine DT with associated hole feeding/skeletonization,,,,,,,,DT325? as possible scale represented by at least 3 occurences of white oval w some internal characters across leaf surface; 32 apical left; possible gall near bottom?; that new mine — should assoc hole feeding/skelet patches be included in the DT or mark as another DT? note the lack of reaction rim around these mines and what that could mean about other potential mine DTs that were thrown out on other specimens (like the 3 possible mines on 7273 that just look bare),
SLW0005,SLW0005-98-01,7279,GH30,leaf,Lower upper Ghazij Fm.,32,,,,,,,,,,,"a few along far ""margin"" where the fossil is broken off ",
SLW0005,SLW0005-98-02,7280,GH01,leaf,Lower upper Ghazij Fm.,32,,,,,,,,,,,"a couple possible 32s along right lower margin, esp. on 3o veins",
SLW0005,SLW0005-99-01,7281,GH37,leaf,Lower upper Ghazij Fm.,8,281,32,12,15,30,,,,,,"does the P+S really match DT281 if the spread of the marks starts off wide near the midvein and continues wide toward the margin?; 32 central right; margin feeding on right margin though kinda weird bc spec broken and coloration is different from matrix?; some weird gross texture on left side, with some in a hole? call it surface feeding DT30 for now ",
SLW0005,SLW0005-99-02,7282,GH42,leaf,Lower upper Ghazij Fm.,32,,,,,,,,,,,32 on right a little bit down from apex near the lump,
SLW0005,SLW0005-99-03,7283,indet.,leaf,Lower upper Ghazij Fm.,-,,,,,,,,,,,leaf scrap,
SLW0006,SLW0006-01,7284,GH04,leaf,Upper middle Ghazij Fm.,32,101,321,,,,,,,,,32 on light scrap at base when held portrait and orange scrap left centrally; DT101 (or maybe 183?) on dark scrap at base; 321 as monocot P+S  on light colored scrap centrally adjacent to main contiguous leaf body,
SLW0006,SLW0006-02,7285,indet. monocot,leaf,Upper middle Ghazij Fm.,46,,,,,,,,,,,46 at apex?,
SLW0006,SLW0006-03,7286,GH39,leaf,Upper middle Ghazij Fm.,85,46?,,,,,,,,,,46 at apex? 85 or just preservation?,
SLW0006,SLW0006-04,7287,GH04,leaf,Upper middle Ghazij Fm.,32,46,,,,,,,,,,a few small 32; 46 near apex (distinct from the black speckles across the whole specimen),
SLW0006,SLW0006-05,7288,GH04,leaf,Upper middle Ghazij Fm.,46?,,,,,,,,,,,soooo many carbonized circles (P+S?); maybe a weird small gray mine lower left; maybe a 3D gall right of crack near base?,
SLW0007,SLW0007-01,7289,indet. dicot,leaf,Middle Ghazij Fm.,210,110,303,252,,,,,,,,don't see 110 this time around (more of 303?); are the present galls too big/upraised to be 303? nothing else fits very well but should it just be a new DT?,
SLW0007,SLW0007-02-01,7290,indet. dicot,leaf,Middle Ghazij Fm.,12,303,63,,,,,,,,,"(A): 12 basal right; (B): gall 303 (based on ID in previous); hole feeding like 6 sort of, except just one hole (ca. 3mm) on either side of midvein, not a real series… what to call it? seems to be symmetric  ",
SLW0007,SLW0007-02-02,7291,indet. dicot,leaf,Middle Ghazij Fm.,303,252,,,,,,,,,,"4 upraised galls (3 on left, 1 on right): mix of 303 (central left and right) and 252 (basal and apical left)",
SLW0007,SLW0007-03,7292,GH32,leaf,Middle Ghazij Fm.,-,,,,,,,,,,,,
SLW0007,SLW0007-04,7293,indet. dicot,leaf,Middle Ghazij Fm.,32?,34?,,,,,,,,,,32 middle upper edge; 34 or maybe 303 (based on guide not ID in previous) upper right? or just mineralization? ,
SLW0007,SLW0007-05,7294,indet. dicot,leaf,Middle Ghazij Fm.,?,,,,,,,,,,,smooth shiny scale covers lower right or just mineralization?,
SLW0007,SLW0007-06,7295,GH04,leaf,Middle Ghazij Fm.,303?,,,,,,,,,,,gall impression lower left near label like on the B side of previous DT303 identifications… what to call it? can consider it a gall DT?,
SLW0007,SLW0007-07,7296,indet. dicot,leaf,Middle Ghazij Fm.,303?,,,,,,,,,,,gall 303 (based on prev ID) left of midvein,
SLW0007,SLW0007-08,7297,GH04,leaf,Middle Ghazij Fm.,32,252,,,,,,,,,,32 on left; a few 252 (based on spec ID in 7289),
SLW0007,SLW0007-09,7298,GH04,leaf,Middle Ghazij Fm.,-,,,,,,,,,,,,
SLW0007,SLW0007-10,7299,indet. dicot,leaf,Middle Ghazij Fm.,-,,,,,,,,,,,some weird deformation or is any insect damage? mine??,
SLW0007,SLW0007-11,7300,GH04?,leaf,Middle Ghazij Fm.,-,,,,,,,,,,,none on intended specimen; perhaps a DT303 impression on neighboring specimen (maybe give it a spec number???),
SLW0007,SLW0007-12,7301,indet. dicot,leaf,Middle Ghazij Fm.,-,,,,,,,,,,,"A: maybe hole feeding, B: maybe gall impression but likely disruption of tissue ",
SLW0007,,7302,,leaf,,NA,,,,,,,,,,,,
SLW0008,SLW0008-01,7303,indet. dicot,leaf,Lower upper Ghazij Fm.,32,,,,,,,,,,,"32 evident on side B, rest seems to be material deposited on surface",
SLW0008,SLW0008-02,7304,GH36,leaf,Lower upper Ghazij Fm.,197?,,,,,,,,,,,gall? roughly 2.5mm by 4mm that seems to arise from a primary vein (rules out 149 despite some similarites) same size as 197 and along 2o vein (though doesn't meet all requirements); nothing on B side,
SLW0008,SLW0008-03,7305,GH04,leaf,Lower upper Ghazij Fm.,-,,,,,,,,,,,,
SLW0008,SLW0008-04,7306,indet. dicot,leaf,Lower upper Ghazij Fm.,32,1,,,,,,,,,,weird dark circle just rim (earlier note?);DT1 left margin; DT32 near top (w skinny bit of leaf defined at bottom) and a few other across,
SLW0008,SLW0008-05,7307,indet. Dicot,leaf,Lower upper Ghazij Fm.,32,1?,,,,,,,,,,"gall off of secondary vein (maybe 2 of them)? or just stuff deposited on top?; 32 throughout, esp near apex; some thick carbonization around holes (btwn 0.5-1 mm) ",
SLW0008,SLW0008-06,7308,indet. Dicot,leaf,Lower upper Ghazij Fm.,-,,,,,,,,,,,maybe DT32 on side B (scope being weird can't get lens high up enough),
SLW0008,SLW0008-07,7309,indet. Dicot,leaf,Lower upper Ghazij Fm.,-,,,,,,,,,,,"nothing, preservation not great",
SLW0008,SLW0008-08,7310,GH23,leaf,Lower upper Ghazij Fm.,34,,,,,,,,,,,DT34 centrally near right margin,
SLW0008,SLW0008-09,7311,GH23,leaf,Lower upper Ghazij Fm.,33,,,,,,,,,,,black shiny gall DT33 about halfway down midvein; dark semicircle emerging right of midvein (not marked as anything for now),
SLW0008,SLW0008-10,7312,GH23,leaf,Lower upper Ghazij Fm.,12,16,32,,,,,,,,,DT12 left margin; DT16 apical right on margin; lumpy DT32 near base left of midvein,
SLW0008,SLW0008-11,7313,GH23,leaf,Lower upper Ghazij Fm.,32,80,,,,,,,,,,several DT32 across specimen; perhaps some small P+S and potential hole feeding on raised lefthand section; DT80 basal right sideB; maybe some bigger less carbonized galls??,
SLW0008,SLW0008-12,7314,indet. dicot,leaf,Lower upper Ghazij Fm.,14,32,,,,,,,,,,DT14 basal right; ca. 4 DT32 across sideA; are the excess carbonized areas anything?,
SLW0008,SLW0008-13,7315,GH23,leaf,Lower upper Ghazij Fm.,12?,32,,,,,,,,,,DT12 right margin; DT32 small shiny apical left,
SLW0008,SLW0008-14,7316,indet. dicot,leaf,Lower upper Ghazij Fm.,32,12,46,,,,,,,,,several DT32 across specimen; DT12 right margin; maybe DT46 P+S top right near margin and left side centrally,
SLW0008,SLW0008-15,7317,indet. dicot,leaf,Lower upper Ghazij Fm.,12,32,3?,,,,,,,,,DT12 in 2 places; DT32 in several places across specimen; DT3 hole or not insect DT?,
SLW0008,SLW0008-16,7318,indet. axis,leaf,Lower upper Ghazij Fm.,32,,,,,,,,,,,"several DT32 across, particularly visible on sideA",
SLW0009,SLW0009-01,7319,indet. dicot,leaf,Upper middle Ghazij Fm.,32?,12,,,,,,,,,,DT32 basal left? now thinking it's just carb bits; DT12 apical right; potential polylobate hole feeding basal left,
SLW0009,SLW0009-02,7320,indet. dicot,leaf,Upper middle Ghazij Fm.,80,,,,,,,,,,,DT80 (or 32?) apical right as goldish hemispheroid ,
SLW0009,SLW0009-03,7321,indet. dicot,leaf,Upper middle Ghazij Fm.,-,,,,,,,,,,,none,
SLW0009,SLW0009-04,7322,indet. monocot,leaf,Upper middle Ghazij Fm.,32,,,,,,,,,,,"DT32 centrally moving horiz, and upper portion moving vert",
SLW0010,SLW0010-01,7323,GH22,leaf,Upper middle Ghazij Fm.,-,,,,,,,,,,,any P+S or likely mineralization?; some circles kinda like DT32 or ovipos but probbaly nothing?,
SLW0011,SLW0011-01,7324,indet. axis,leaf,Lower upper Ghazij Fm.,32,,,,,,,,,,,1 convincing DT32 lower left (where left side has the label),
SLW0011,SLW0011-02,7325,GH19,leaf,Lower upper Ghazij Fm.,-,,,,,,,,,,,none,
SLW0011,SLW0011-03,7326,GH19,leaf,Lower upper Ghazij Fm.,-,,,,,,,,,,,possible DT32 but unconvincing,
SLW0011,SLW0011-04,7327,GH19,leaf,Lower upper Ghazij Fm.,?,,,,,,,,,,,"circles similar to those noted on much earlier salvinia leaves — between sizes of salvinia venation so likely damage on not just leaf structure — weird to be hole feedings, maybe oviposition??",
SLW0011,SLW0011-05,7328,GH19,leaf,Lower upper Ghazij Fm.,?,,,,,,,,,,,perhap a couple circles like the previous specimen,
SLW0012,SLW0012-01,7329,GH19,leaf,Lower upper Ghazij Fm.,-,,,,,,,,,,,none (potential hole just look like removed material),
SLW0013,SLW0013-01-01,7330,GH05,leaf,Lower upper Ghazij Fm.,32,12,34,7? ,2?,34?,,,,,,DT32 as tiny black shiny galls mostly basal left (and larger flat carbonized bits esp on B side); DT12 left margin centrally; DT34 on 3rd 2o vein up from basal left; revist elongate hole (7? or mine?) along midvein and possible gall remnant right side (2?); DT34 as larger carbonized gall on some fainter? 2o veins noted side B,
SLW0013,SLW0013-01-02,7331,GH05?,leaf,Lower upper Ghazij Fm.,32,1,,,,,,,,,,"DT32 small black shiny basal left: DT01 between 2nd + 3rd 2o veins up from base, just left of midvein",
SLW0013,SLW0013-02,7332,indet. dicot,leaf,Lower upper Ghazij Fm.,36,12,32,14**,,,,,,,,"blotch 36 (revisit), a bit uncertain bc lacking any frass (tbh kinda weird for a blotch mine bc the lighter strip is so thin side B — not the whole ""eaten"" interior); DT12 basal left (left on both A and B); some small DT32 left sideA; **DT14 apically on piece C that doesn't quite fit with the others?",
SLW0013,SLW0013-03,7333,indet. dicot,leaf,Lower upper Ghazij Fm.,32,,,,,,,,,,,DT32 small black shiny near basal left; NOTE: full right side surveyed; left side surveyed until thick dividing 2o vein (6th down from top); some weird texture patches near that DT32 but not convincingly mining or skelet??,
SLW0013,SLW0013-04-01,7334,indet. dicot,leaf,Lower upper Ghazij Fm.,12,,,,,,,,,,,DT12 apical right,
SLW0013,SLW0013-04-02,7335,GH05?,leaf,Lower upper Ghazij Fm.,-,,,,,,,,,,,nothing (likely removed material NOT skeletonization),
SLW0013,SLW0013-05-01,7336,indet. dicot,leaf,Lower upper Ghazij Fm.,139?,,,,,,,,,,,"carbonized lumps as anything? galls??; mine maaybe DT139 left of midvein toward apex (starts skinny, then large exit chamber ca. 3.5mm wide) —> no particularly fitting DT for size",
SLW0013,SLW0013-05-02,7337,GH05?,leaf,Lower upper Ghazij Fm.,-,,,,,,,,,,,nothing,
SLW0013,SLW0013-06-01,7338,GH05,leaf,Lower upper Ghazij Fm.,12,2,,,,,,,,,,"DT12 right margin; weird preservation but not really clear holes or skelet, except for perhaps DT2 oval along left margin centrally",
SLW0013,SLW0013-06-02,7339,indet. axis,leaf,Lower upper Ghazij Fm.,-,,,,,,,,,,,nothing,
SLW0013,SLW0013-07,7340,indet. dicot,leaf,Lower upper Ghazij Fm.,32,?,,,,,,,,,,side B some kind of weird gall or hole feeding against 1o and 2o veins??; some random DT32; sideD similar kind of hole feeding as B,
SLW0013,SLW0013-08,7341,GH13,leaf,Lower upper Ghazij Fm.,32,33,34,,,,,,,,,DT32 across leaf; DT33 on right of midvein about halfway up specimen assoc w 1o and 2o vens; at the same height on specimen but toward left of midvein is DT24 on fainter 2o vein,
SLW0013,SLW0013-09-01,7342,GH05,leaf,Lower upper Ghazij Fm.,32,116,14,12,,,,,,,,a couple DT32 (assoc w < 2o venation where there are darker carbonized bits (some w centers that have flaked away — esp on left of midvein); DT116 gall (or perhaps DT302) about halfway up specimen along midvein; DT14 margin feeding apical right margin; DT12 w strong rxn rim right margin (maybe some hold feeding?),
SLW0013,SLW0013-09-02,7343,GH05,leaf,Lower upper Ghazij Fm.,12,32,3,20,303?,,,,,,,DT12 base; DT32 a few small across spec; DT3 near apex right of midvein; DT20 as line of skeletonization left of midvein toward base; DT303? possible for the 3 carbonized circles near the DT20,
SLW0013,SLW0013-09-03,7344,GH04?,leaf,Lower upper Ghazij Fm.,-,,,,,,,,,,,nothing,
SLW0013,,7345,,,,NA,,,,,,,,,,,,
SLW0013,SLW0013-10,7346,GH16,leaf,Lower upper Ghazij Fm.,16,17,34,12,32,33?,,,,,,"skelet some w more defined rxn rim but some w/o (16+17); DT34 assoc w two 2o veins; DT12 along right margin around center; DT32 bigish carbonized circles; based on A&B, gall along midvein reason for missing tissue? (DT33 for now?)",
SLW0013,,7347,,,,NA,,,,,,,,,,,,
SLW0013,SLW0013-12,7348,GH05,leaf,Lower upper Ghazij Fm.,32,,,,,,,,,,,DT32 near basal left,
SLW0013,SLW0013-13,7349,GH04?,leaf,Lower upper Ghazij Fm.,32,12,,,,,,,,,,DT32 as a couple big round carbonized patches and a small gall; DT12 right margin,
SLW0013,SLW0013-14,7350,indet. dicot,leaf,Lower upper Ghazij Fm.,12?,32?,,,,,,,,,,DT12 left margin carbonized? DT32 near basal right but maybe just the vein?,
SLW0013,SLW0013-15,7351,GH09,leaf,Lower upper Ghazij Fm.,32,33,34,12,,,,,,,,"DT32,33,34 observed going down right side along midvein; weird tan nodule lower right??; DT12 apical left; dark nodule left side as deposit on top of specimen?",
SLW0013,SLW0013-16-01,7352,indet. dicot,leaf,Lower upper Ghazij Fm.,32? ,229?,,,,,,,,,,DT32 as carbonzied splotches all over? or pathogen (229 blotches w finger-like extension) or nothing? potential midvein gall apically?,
SLW0013,SLW0013-16-02,,GH27,seed?,Lower upper Ghazij Fm.,-,,,,,,,,,,,,
SLW0013,SLW0013-17,7353,indet. axis,leaf,Lower upper Ghazij Fm.,32,,,,,,,,,,,"DT32 as more condensed areas of carbonized tissue, esp toward the apex (where label is on left of leaf); ",
SLW0013,SLW0013-18-01,7354,GH05,leaf,Lower upper Ghazij Fm.,12,32,34,33,16,1,,,,,,DT12 basal right; DT32 small; DT34 small and large across spec; DT33 close to top (maybe DT149??); DT16 left side to explain basal tissue removal; sort of small holes surrounded by darker tissue as DT1 ,
SLW0013,SLW0013-18-02,7355,indet. dicot,leaf,Lower upper Ghazij Fm.,16,15?,32?,,,,,,,,,DT16 tissue removal right margin; potential margin feeding DT15 above the skelet but rxn tissue not super clear; DT32 dark spots along left margin centrally?,
SLW0013,SLW0013-19,7356,GH38,leaf,Lower upper Ghazij Fm.,32,34,,,,,,,,,,"a few small DT32 apical right, and just left of midvein centrally (including a 34 on a 2o?), and on right of sideB",
SLW0013,SLW0013-20,7357,indet. dicot,leaf,Lower upper Ghazij Fm.,12,8,15?,3,32,,,,,,,DT12 right margin and maybe left; DT8 right side above 2o vein; potential DT15 basal left?; DT3 left side (ca. 4mm); DT32 small apical left,
SLW0013,SLW0013-21,7358,GH07,leaf,Lower upper Ghazij Fm.,32,120?,33,?,,,,,,,,"numerous DT32 spread across spec; DT33 on left side along midvein, about halfway up specimen; potential DT120 on left above 2nd 2o vein from base? or just high order venation; galls warping 1o vein on either side centrally on leaf (perhaps just call it 33 as well?) ",
SLW0013,SLW0013-22,7359,GH04,leaf,Lower upper Ghazij Fm.,3,,,,,,,,,,,DT03 lower right (applicable for monocots?),
SLW0013,SLW0013-23,7360,GH09,leaf,Lower upper Ghazij Fm.,34,32,,,,,,,,,,numerous DT32 and 34 across specimen,
SLW0013,SLW0013-24,7361,GH01,leaf,Lower upper Ghazij Fm.,32,1,,,,,,,,,,DT32 basally right side; DT01 along right margin (not strong reaction tissue but generally darker here than rest of leaf?),
SLW0013,SLW0013-25-01,7362,indet. Dicot,leaf,Lower upper Ghazij Fm.,-,,,,,,,,,,,nothing,
SLW0013,SLW0013-25-02,7363,indet.,leaf,Lower upper Ghazij Fm.,32,,,,,,,,,,,DT32 at least one centrally likely more,
SLW0013,SLW0013-26,7364,GH14,leaf,Lower upper Ghazij Fm.,32,17,1,16,,,,,,,,"DT16,17 skelet; DT32 centrally and perhaps more left side; DT01 left of rightmost 1o vein",
SLW0013,SLW0013-27,7365,GH05,leaf,Lower upper Ghazij Fm.,34,15?,,,,,,,,,,"some kind of margin/hole feeding right margin but not super clear, enough to say DT15?; DT34 apical right ",
SLW0013,SLW0013-28,7366,GH07?,leaf,Lower upper Ghazij Fm.,197,34,32,3,,,,,,,,DT197 as midvein galls; two instances DT34; DT3 right side; maybe DT32,
SLW0013,SLW0013-29,7367,GH05,leaf,Lower upper Ghazij Fm.,2,32,34,15,12,14?,,,,,,"DT02 basal right; some DT32 and DT34 across w large ones basal left; various margin feeding left side, DT15 and 12 are pretty solid, but can you say DT14 with what is preserved?",
SLW0013,SLW0013-30,7368,indet. dicot,leaf,Lower upper Ghazij Fm.,-,,,,,,,,,,,nothing,
SLW0013,SLW0013-31,7369,GH05,leaf,Lower upper Ghazij Fm.,32,,,,,,,,,,,DT32 sort of centrally; potential margin feeding in the upper portion?,
SLW0013,SLW0013-32,7370,GH12,leaf,Lower upper Ghazij Fm.,13,32,33,12,,,,,,,,4x DT32; 3x DT33; DT33 top margin feeding: DT12 left margin; dark rectangular-ish outline about centrally on specimen… some type of surface feeding? or nothing?,
Pir Ismael Ziarat,PIZ0001-01-01,7371,GH19,leaf,Lower upper Ghazij Fm.,-,,,,,,,,,,,,
Pir Ismael Ziarat,PIZ0001-01-02,7372,GH19,leaf,Lower upper Ghazij Fm.,-,,,,,,,,,,,,
Pir Ismael Ziarat,PIZ0001-01-03,,GH19,leaf,Lower upper Ghazij Fm.,NA,,,,,,,,,,,,
Pir Ismael Ziarat,PIZ0001-01-04,,GH19,leaf,Lower upper Ghazij Fm.,NA,,,,,,,,,,,,
Pir Ismael Ziarat,PIZ0001-01-05,,GH19?,leaf,Lower upper Ghazij Fm.,NA,,,,,,,,,,,,
Shin Ghwaza,SHG0001-01,7373,amber,amber,Lower upper Ghazij Fm.,-,,,,,,,,,,,nothing amber,
Shin Ghwaza,SHG0001-02,7374,amber,amber,Lower upper Ghazij Fm.,-,,,,,,,,,,,nothing amber,
Shin Ghwaza,SHG0001-03,7375,GH03?,leaf,Lower upper Ghazij Fm.,12,,,,,,,,,,,potential DT12 small along right margin near top (where right side has the label),
Shin Ghwaza,SHG0001-04,7376,GH24,leaf,Lower upper Ghazij Fm.,32,34?,,,,,,,,,,DT32 across; should call any DT34 bc of how dense the 2o venation is despite it being faint,
Shin Ghwaza,SHG0001-05,7377,GH03?,leaf,Lower upper Ghazij Fm.,-,,,,,,,,,,,,
Shin Ghwaza,SHG0001-06-01,7378,GH25,leaf,Lower upper Ghazij Fm.,110,,,,,,,,,,,,
Shin Ghwaza,SHG0001-06-02,,GH25,leaf,Lower upper Ghazij Fm.,110,,,,,,,,,,,,
Shin Ghwaza,SHG0001-07,7379,GH03?,leaf,Lower upper Ghazij Fm.,-,,,,,,,,,,,,
Shin Ghwaza,SHG0001-08,7380,GH25,leaf,Lower upper Ghazij Fm.,32,46?,?,,,,,,,,,DT32 a the big dark circles across specimen; DT46 small concave P+S; and then some weird gall or likely scale impression w carbonized rim and P+S marks in the middle (uncertain what to ID it as),
Shin Ghwaza,SHG0001-09,7381,GH03?,leaf,Lower upper Ghazij Fm.,12,,,,,,,,,,,DT12 top margin? also potential raised gall or just tan deposited material centrally on specimen?,
Shin Ghwaza,SHG0001-10,7382,GH03?,leaf,Lower upper Ghazij Fm.,-,,,,,,,,,,,nothing,